{"cameraMode":{"drawMode":0,"name":"Shaded","section":"Shading Mode"},"sceneLighting":false,"audioPlay":false,"sceneViewState":{"showFog":true,"showMaterialUpdate":true,"showSkybox":true,"showFlares":true,"showImageEffects":true,"showParticleSystems":true},"in2DMode":false,"pivot":{"x":-0.673220694065094,"y":140.15528869628907,"z":111.6124267578125},"rotation":{"x":-0.011723165400326252,"y":0.9869742393493652,"z":-0.1370679885149002,"w":-0.08397657424211502},"size":7.929734706878662,"orthographic":false}